{"help":"-et 运行超时时间 -finger 开启指纹识别 -common 启用找到的常见文件 -bak 启用备份文件 -d 目录扫描字典(java,js,swagger,weblogic,cgi,k8s,log,editor,default,iis,springboot,admin,common是内置的字典，通过','分割指定多个，如果需要指定自定义字典这样{dict.类型.文件名}索引字典管理的文件)","parameter":"-et 20 -finger true -common true -bak true -d java,js,swagger,weblogic,cgi,k8s,log,editor,default,iis,springboot,admin,common","module":"DirScan","name":"spray","version":"v1.1","introduction":"spray目录扫描插件","hash":"bf2c67e39e559c648843ebd0c881b724"}